business_description,suggested_domain,category
"Paraphrased (HF): Richmond, Fischer and Chandler is a monitored scalable project business that specializes in counsel, firm services in Ryanville.",legalfirm.net,Legal Services
"Swapped: Richmond, Fischer and Chandler is a monitored scalable project business that specializes in counsel, legal services in Ryanville.",legalfirm.net,Legal Services
"Noised: Richmond, Fischer and Chandler is a monitored scalable project business that really specializes in counsel, firm services in Ryanville.",legalfirm.net,Legal Services
A Legal Services company offering counsel and law services in Metropolis.,legalfirm.net,Legal Services
"Paraphrased (HF): Suarez-Wiggins is a decentralized dedicated local area network business that specializes in give, community services in Donaldberg.",impactcommunity.com,Non-Profit Org
"Swapped: Suarez-Wiggins is a decentralized dedicated local area network business that specializes in give, care services in Donaldberg.",impactcommunity.com,Non-Profit Org
"Noised: Suarez-Wiggins is a decentralized totally dedicated local area network business that specializes in give, community services in Donaldberg.",impactcommunity.com,Non-Profit Org
A Non-Profit Org company offering give and care services in Metropolis.,impactcommunity.com,Non-Profit Org
"Paraphrased (HF): Perez PLC is a reduced fault-tolerant policy business that specializes in care, hope services in New Rachelville.",communitycare.com,Non-Profit Org
"Swapped: Perez PLC is a reduced fault-tolerant policy business that specializes in impact, hope services in New Rachelville.",communitycare.com,Non-Profit Org
"Noised: Perez PLC is a reduced fault-tolerant policy business that specializes absolutely in care, hope services in New Rachelville.",communitycare.com,Non-Profit Org
A Non-Profit Org company offering hope and community services in Metropolis.,communitycare.com,Non-Profit Org
"Paraphrased (HF): Meyer-Drake is a re-engineered scalable throughput business that specializes in green, sustain services in Brianfurt.",zeroeco.net,Sustainable Products
"Swapped: Meyer-Drake is a re-engineered scalable throughput business that specializes in zero, sustain services in Brianfurt.",zeroeco.net,Sustainable Products
"Noised: Meyer-Drake is a re-engineered scalable throughput really business that specializes in green, sustain services in Brianfurt.",zeroeco.net,Sustainable Products
A Sustainable Products company offering earth and green services in Metropolis.,zeroeco.net,Sustainable Products
"Paraphrased (HF): Hartman PLC is a right-sized 6thgeneration approach business that specializes in fit, strength services in Port Jamiebury.",gymstrength.net,Fitness Studio
"Swapped: Hartman PLC is a right-sized 6thgeneration approach business that specializes in motion, strength services in Port Jamiebury.",gymstrength.net,Fitness Studio
"Noised: Hartman PLC is a right-sized 6thgeneration approach business that specializes in fit, really strength services in Port Jamiebury.",gymstrength.net,Fitness Studio
A Fitness Studio company offering fit and strength services in Metropolis.,gymstrength.net,Fitness Studio
"Paraphrased (HF): Munoz Ltd is a progressive multi-state capability business that specializes in earth, sustain services in Rachaelport.",eartheco.com,Sustainable Products
"Swapped: Munoz Ltd is a progressive multi-state capability business that specializes in green, sustain services in Rachaelport.",eartheco.com,Sustainable Products
"Noised: Munoz Ltd totally is a progressive multi-state capability business that specializes in earth, sustain services in Rachaelport.",eartheco.com,Sustainable Products
A Sustainable Products company offering green and sustain services in Metropolis.,eartheco.com,Sustainable Products
"Paraphrased (HF): Rios, Baxter and Gonzalez is a phased disintermediate open architecture business that specializes in eco, sustain services in Tatemouth.",greensustain.org,Sustainable Products
"Swapped: Rios, Baxter and Gonzalez is a phased disintermediate open architecture business that specializes in green, sustain services in Tatemouth.",greensustain.org,Sustainable Products
"Noised: Rios, Baxter and Gonzalez is a phased disintermediate open architecture totally business that specializes in eco, sustain services in Tatemouth.",greensustain.org,Sustainable Products
A Sustainable Products company offering zero and eco services in Metropolis.,greensustain.org,Sustainable Products
"Paraphrased (HF): Harris, Simpson and Mccall is a mandatory zero-defect process improvement business that specializes in firm, justice services in South Andreaview.",legalfirm.org,Legal Services
"Swapped: Harris, Simpson and Mccall is a mandatory zero-defect process improvement business that specializes in firm, law services in South Andreaview.",legalfirm.org,Legal Services
"Noised: totally Harris, Simpson and Mccall is a mandatory zero-defect process improvement business that specializes in firm, justice services in South Andreaview.",legalfirm.org,Legal Services
A Legal Services company offering law and firm services in Metropolis.,legalfirm.org,Legal Services
"Paraphrased (HF): Villanueva-Francis is a synchronized 4thgeneration flexibility business that specializes in bake, sweet services in Sheltonmouth.",cakebread.net,Bakery
"Swapped: Villanueva-Francis is a synchronized 4thgeneration flexibility business that specializes in oven, sweet services in Sheltonmouth.",cakebread.net,Bakery
"Noised: Villanueva-Francis is really a synchronized 4thgeneration flexibility business that specializes in bake, sweet services in Sheltonmouth.",cakebread.net,Bakery
A Bakery company offering sweet and oven services in Metropolis.,cakebread.net,Bakery
"Paraphrased (HF): Glover-Smith is a multi-lateral cohesive flexibility business that specializes in cyber, cloud services in Markport.",cloudquantum.org,Tech Startup
"Swapped: Glover-Smith is a multi-lateral cohesive flexibility business that specializes in cyber, data services in Markport.",cloudquantum.org,Tech Startup
"Noised: Glover-Smith is a multi-lateral cohesive flexibility business that specializes in cyber, cloud services in totally Markport.",cloudquantum.org,Tech Startup
A Tech Startup company offering quantum and cyber services in Metropolis.,cloudquantum.org,Tech Startup
"Paraphrased (HF): Gordon, Miller and Hawkins is a reduced holistic collaboration business that specializes in cake, oven services in East Amy.",bakebread.org,Bakery
"Swapped: Gordon, Miller and Hawkins is a reduced holistic collaboration business that specializes in oven, oven services in East Amy.",bakebread.org,Bakery
"Noised: Gordon, Miller and Hawkins is a reduced holistic collaboration business that specializes totally in cake, oven services in East Amy.",bakebread.org,Bakery
A Bakery company offering bake and oven services in Metropolis.,bakebread.org,Bakery
"Paraphrased (HF): Barnes Inc is a compatible discrete project business that specializes in brew, latte services in New Jenniferberg.",beansespresso.com,Coffee Shop
"Swapped: Barnes Inc is a compatible discrete project business that specializes in beans, latte services in New Jenniferberg.",beansespresso.com,Coffee Shop
"Noised: Barnes Inc is a totally compatible discrete project business that specializes in brew, latte services in New Jenniferberg.",beansespresso.com,Coffee Shop
A Coffee Shop company offering beans and brew services in Metropolis.,beansespresso.com,Coffee Shop
"Paraphrased (HF): Burton Inc is a optimized stable superstructure business that specializes in green, earth services in South Jameshaven.",greenzero.com,Sustainable Products
"Swapped: Burton Inc is a optimized stable superstructure business that specializes in earth, earth services in South Jameshaven.",greenzero.com,Sustainable Products
"Noised: Burton Inc is a optimized stable superstructure business that totally specializes in green, earth services in South Jameshaven.",greenzero.com,Sustainable Products
A Sustainable Products company offering eco and earth services in Metropolis.,greenzero.com,Sustainable Products
"Paraphrased (HF): Roberts, Wheeler and Thomas is a user-friendly responsive time-frame business that specializes in wealth, secure services in Fergusonberg.",fundinvest.org,Financial Advisor
"Swapped: Roberts, Wheeler and Thomas is a user-friendly responsive time-frame business that specializes in fund, secure services in Fergusonberg.",fundinvest.org,Financial Advisor
"Noised: Roberts, Wheeler and Thomas is absolutely a user-friendly responsive time-frame business that specializes in wealth, secure services in Fergusonberg.",fundinvest.org,Financial Advisor
A Financial Advisor company offering capital and fund services in Metropolis.,fundinvest.org,Financial Advisor
"Paraphrased (HF): Evans-Adams is a enterprise-wide empowering leverage business that specializes in wealth, invest services in West Kristopherland.",securecapital.net,Financial Advisor
"Swapped: Evans-Adams is a enterprise-wide empowering leverage business that specializes in wealth, fund services in West Kristopherland.",securecapital.net,Financial Advisor
"Noised: Evans-Adams is a totally enterprise-wide empowering leverage business that specializes in wealth, invest services in West Kristopherland.",securecapital.net,Financial Advisor
A Financial Advisor company offering invest and secure services in Metropolis.,securecapital.net,Financial Advisor
"Paraphrased (HF): Murphy-Huffman is a automated 4thgeneration hub business that specializes in oven, bread services in Hamiltonview.",bakebread.net,Bakery
"Swapped: Murphy-Huffman is a automated 4thgeneration hub business that specializes in oven, cake services in Hamiltonview.",bakebread.net,Bakery
"Noised: Murphy-Huffman is a automated 4thgeneration totally hub business that specializes in oven, bread services in Hamiltonview.",bakebread.net,Bakery
A Bakery company offering cake and sweet services in Metropolis.,bakebread.net,Bakery
"Paraphrased (HF): Perez-Cowan is a centralized explicit open system business that specializes in tail, paw services in Lake Julia.",groomfur.org,Pet Grooming
"Swapped: Perez-Cowan is a centralized explicit open system business that specializes in tail, tail services in Lake Julia.",groomfur.org,Pet Grooming
"Noised: Perez-Cowan is a centralized explicit open totally system business that specializes in tail, paw services in Lake Julia.",groomfur.org,Pet Grooming
A Pet Grooming company offering pet and paw services in Metropolis.,groomfur.org,Pet Grooming
"Paraphrased (HF): Castro, Jones and Moore is a up-sized stable orchestration business that specializes in oven, cake services in East Anita.",cakesweet.net,Bakery
"Swapped: Castro, Jones and Moore is a up-sized stable orchestration business that specializes in oven, sweet services in East Anita.",cakesweet.net,Bakery
"Noised: Castro, Jones and Moore is a up-sized stable orchestration business that absolutely specializes in oven, cake services in East Anita.",cakesweet.net,Bakery
A Bakery company offering oven and bread services in Metropolis.,cakesweet.net,Bakery
"Paraphrased (HF): Reyes-Lucero is a adaptive systemic access business that specializes in care, give services in Kimberlymouth.",giveimpact.org,Non-Profit Org
"Swapped: Reyes-Lucero is a adaptive systemic access business that specializes in hope, give services in Kimberlymouth.",giveimpact.org,Non-Profit Org
"Noised: Reyes-Lucero is a adaptive systemic access business that specializes in care, give totally services in Kimberlymouth.",giveimpact.org,Non-Profit Org
A Non-Profit Org company offering give and impact services in Metropolis.,giveimpact.org,Non-Profit Org
"Paraphrased (HF): Contreras-Washington is a ergonomic tertiary graphic interface business that specializes in course, edu services in New Isaachaven.",courseacademy.com,Online Education
"Swapped: Contreras-Washington is a ergonomic tertiary graphic interface business that specializes in academy, edu services in New Isaachaven.",courseacademy.com,Online Education
"Noised: Contreras-Washington really is a ergonomic tertiary graphic interface business that specializes in course, edu services in New Isaachaven.",courseacademy.com,Online Education
A Online Education company offering edu and academy services in Metropolis.,courseacademy.com,Online Education
"Paraphrased (HF): Johnson LLC is a persevering object-oriented firmware business that specializes in justice, law services in Jonathanborough.",lawlegal.com,Legal Services
"Swapped: Johnson LLC is a persevering object-oriented firmware business that specializes in justice, justice services in Jonathanborough.",lawlegal.com,Legal Services
"Noised: Johnson LLC is a persevering really object-oriented firmware business that specializes in justice, law services in Jonathanborough.",lawlegal.com,Legal Services
A Legal Services company offering legal and law services in Metropolis.,lawlegal.com,Legal Services
"Paraphrased (HF): Baker LLC is a optimized next generation internet solution business that specializes in cyber, cloud services in Julietown.",cloudcyber.net,Tech Startup
"Swapped: Baker LLC is a optimized next generation internet solution business that specializes in cyber, quantum services in Julietown.",cloudcyber.net,Tech Startup
"Noised: Baker LLC is a optimized next generation internet solution business that totally specializes in cyber, cloud services in Julietown.",cloudcyber.net,Tech Startup
A Tech Startup company offering cyber and cloud services in Metropolis.,cloudcyber.net,Tech Startup
"Paraphrased (HF): Sanchez-Jennings is a vision-oriented demand-driven extranet business that specializes in edu, academy services in Tammybury.",courseedu.net,Online Education
"Swapped: Sanchez-Jennings is a vision-oriented demand-driven extranet business that specializes in edu, learn services in Tammybury.",courseedu.net,Online Education
"Noised: Sanchez-Jennings is a vision-oriented demand-driven extranet business that specializes in edu, academy services absolutely in Tammybury.",courseedu.net,Online Education
A Online Education company offering skill and academy services in Metropolis.,courseedu.net,Online Education
"Paraphrased (HF): Ford-Morales is a reverse-engineered content-based analyzer business that specializes in law, counsel services in Lake Sarah.",justicefirm.org,Legal Services
"Swapped: Ford-Morales is a reverse-engineered content-based analyzer business that specializes in counsel, counsel services in Lake Sarah.",justicefirm.org,Legal Services
"Noised: Ford-Morales is a reverse-engineered content-based analyzer business that totally specializes in law, counsel services in Lake Sarah.",justicefirm.org,Legal Services
A Legal Services company offering firm and counsel services in Metropolis.,justicefirm.org,Legal Services
"Paraphrased (HF): Lopez and Sons is a programmable context-sensitive architecture business that specializes in fur, groom services in Velasquezburgh.",pawtail.org,Pet Grooming
"Swapped: Lopez and Sons is a programmable context-sensitive architecture business that specializes in tail, groom services in Velasquezburgh.",pawtail.org,Pet Grooming
"Noised: Lopez and Sons is a programmable context-sensitive architecture business that specializes in totally fur, groom services in Velasquezburgh.",pawtail.org,Pet Grooming
A Pet Grooming company offering pet and tail services in Metropolis.,pawtail.org,Pet Grooming
"Paraphrased (HF): Jones-Hudson is a programmable even-keeled synergy business that specializes in paw, tail services in New Vanessaton.",petgroom.org,Pet Grooming
"Swapped: Jones-Hudson is a programmable even-keeled synergy business that specializes in pet, tail services in New Vanessaton.",petgroom.org,Pet Grooming
"Noised: Jones-Hudson is a programmable even-keeled synergy business that specializes in really paw, tail services in New Vanessaton.",petgroom.org,Pet Grooming
A Pet Grooming company offering fur and tail services in Metropolis.,petgroom.org,Pet Grooming
"Paraphrased (HF): Morrow, Myers and Davis is a re-engineered modular artificial intelligence business that specializes in cloud, AI services in Johnsonland.",quantumcloud.net,Tech Startup
"Swapped: Morrow, Myers and Davis is a re-engineered modular artificial intelligence business that specializes in cloud, cyber services in Johnsonland.",quantumcloud.net,Tech Startup
"Noised: Morrow, Myers and really Davis is a re-engineered modular artificial intelligence business that specializes in cloud, AI services in Johnsonland.",quantumcloud.net,Tech Startup
A Tech Startup company offering quantum and cloud services in Metropolis.,quantumcloud.net,Tech Startup
"Paraphrased (HF): Johnson, Vazquez and Bell is a reduced directional project business that specializes in wealth, fund services in Owenberg.",securewealth.org,Financial Advisor
"Swapped: Johnson, Vazquez and Bell is a reduced directional project business that specializes in secure, fund services in Owenberg.",securewealth.org,Financial Advisor
"Noised: Johnson, totally Vazquez and Bell is a reduced directional project business that specializes in wealth, fund services in Owenberg.",securewealth.org,Financial Advisor
A Financial Advisor company offering wealth and secure services in Metropolis.,securewealth.org,Financial Advisor
"Paraphrased (HF): Davis-Carlson is a centralized coherent architecture business that specializes in capital, secure services in East Kaylafort.",capitalinvest.org,Financial Advisor
"Swapped: Davis-Carlson is a centralized coherent architecture business that specializes in fund, secure services in East Kaylafort.",capitalinvest.org,Financial Advisor
"Noised: Davis-Carlson is a centralized coherent architecture business that specializes in capital, absolutely secure services in East Kaylafort.",capitalinvest.org,Financial Advisor
A Financial Advisor company offering capital and fund services in Metropolis.,capitalinvest.org,Financial Advisor
"Paraphrased (HF): Walker, Madden and Wheeler is a multi-layered clear-thinking orchestration business that specializes in fund, capital services in Lake Jesus.",investfund.com,Financial Advisor
"Swapped: Walker, Madden and Wheeler is a multi-layered clear-thinking orchestration business that specializes in fund, fund services in Lake Jesus.",investfund.com,Financial Advisor
"Noised: Walker, Madden and Wheeler is a multi-layered clear-thinking orchestration business that specializes in fund, capital services in Lake really Jesus.",investfund.com,Financial Advisor
A Financial Advisor company offering wealth and invest services in Metropolis.,investfund.com,Financial Advisor
"Paraphrased (HF): Lopez Group is a decentralized full-range info-mediaries business that specializes in academy, skill services in Nathanbury.",learnedu.net,Online Education
"Swapped: Lopez Group is a decentralized full-range info-mediaries business that specializes in edu, skill services in Nathanbury.",learnedu.net,Online Education
"Noised: Lopez Group is a decentralized full-range info-mediaries business that really specializes in academy, skill services in Nathanbury.",learnedu.net,Online Education
A Online Education company offering academy and learn services in Metropolis.,learnedu.net,Online Education
"Paraphrased (HF): Hall Inc is a distributed human-resource success business that specializes in cloud, quantum services in North Valerie.",dataai.org,Tech Startup
"Swapped: Hall Inc is a distributed human-resource success business that specializes in AI, quantum services in North Valerie.",dataai.org,Tech Startup
"Noised: Hall Inc is a distributed human-resource success business absolutely that specializes in cloud, quantum services in North Valerie.",dataai.org,Tech Startup
A Tech Startup company offering data and quantum services in Metropolis.,dataai.org,Tech Startup
"Paraphrased (HF): Spears Ltd is a pre-emptive user-facing capacity business that specializes in sustain, earth services in Lake Holly.",greensustain.net,Sustainable Products
"Swapped: Spears Ltd is a pre-emptive user-facing capacity business that specializes in sustain, sustain services in Lake Holly.",greensustain.net,Sustainable Products
"Noised: Spears Ltd is a pre-emptive user-facing capacity business that specializes totally in sustain, earth services in Lake Holly.",greensustain.net,Sustainable Products
A Sustainable Products company offering eco and sustain services in Metropolis.,greensustain.net,Sustainable Products
"Paraphrased (HF): Cruz, Hawkins and Wilson is a optimized multimedia open system business that specializes in fit, strength services in South Robertview.",fitcore.com,Fitness Studio
"Swapped: Cruz, Hawkins and Wilson is a optimized multimedia open system business that specializes in strength, strength services in South Robertview.",fitcore.com,Fitness Studio
"Noised: Cruz, Hawkins and Wilson is a optimized multimedia open system absolutely business that specializes in fit, strength services in South Robertview.",fitcore.com,Fitness Studio
A Fitness Studio company offering motion and gym services in Metropolis.,fitcore.com,Fitness Studio
"Paraphrased (HF): Brown Group is a user-centric 24/7 workforce business that specializes in edu, course services in East Paulchester.",learnedu.org,Online Education
"Swapped: Brown Group is a user-centric 24/7 workforce business that specializes in edu, academy services in East Paulchester.",learnedu.org,Online Education
"Noised: Brown Group really is a user-centric 24/7 workforce business that specializes in edu, course services in East Paulchester.",learnedu.org,Online Education
A Online Education company offering skill and edu services in Metropolis.,learnedu.org,Online Education
"Paraphrased (HF): Shaffer, Clark and Castro is a multi-channeled high-level structure business that specializes in AI, cloud services in Port Shawn.",quantumdata.com,Tech Startup
"Swapped: Shaffer, Clark and Castro is a multi-channeled high-level structure business that specializes in cloud, cloud services in Port Shawn.",quantumdata.com,Tech Startup
"Noised: Shaffer, Clark and Castro is a really multi-channeled high-level structure business that specializes in AI, cloud services in Port Shawn.",quantumdata.com,Tech Startup
A Tech Startup company offering cloud and AI services in Metropolis.,quantumdata.com,Tech Startup
"Paraphrased (HF): Sawyer, Mays and Owens is a up-sized zero administration hardware business that specializes in earth, green services in Johnland.",ecosustain.org,Sustainable Products
"Swapped: Sawyer, Mays and Owens is a up-sized zero administration hardware business that specializes in earth, eco services in Johnland.",ecosustain.org,Sustainable Products
"Noised: Sawyer, Mays and Owens is a up-sized zero administration hardware business that specializes in earth, green services really in Johnland.",ecosustain.org,Sustainable Products
A Sustainable Products company offering sustain and eco services in Metropolis.,ecosustain.org,Sustainable Products
"Paraphrased (HF): Castillo and Sons is a sharable uniform open system business that specializes in counsel, justice services in Jenniferstad.",legaljustice.com,Legal Services
"Swapped: Castillo and Sons is a sharable uniform open system business that specializes in counsel, firm services in Jenniferstad.",legaljustice.com,Legal Services
"Noised: Castillo really and Sons is a sharable uniform open system business that specializes in counsel, justice services in Jenniferstad.",legaljustice.com,Legal Services
A Legal Services company offering justice and firm services in Metropolis.,legaljustice.com,Legal Services
"Paraphrased (HF): Zavala-Owens is a organized regional architecture business that specializes in invest, fund services in Kennethborough.",securewealth.com,Financial Advisor
"Swapped: Zavala-Owens is a organized regional architecture business that specializes in secure, fund services in Kennethborough.",securewealth.com,Financial Advisor
"Noised: Zavala-Owens is a organized regional architecture business that specializes in invest, fund services in absolutely Kennethborough.",securewealth.com,Financial Advisor
A Financial Advisor company offering capital and wealth services in Metropolis.,securewealth.com,Financial Advisor
"Paraphrased (HF): Sweeney, Griffin and Gill is a grass-roots full-range open system business that specializes in brew, beans services in Port Sabrina.",lattebeans.com,Coffee Shop
"Swapped: Sweeney, Griffin and Gill is a grass-roots full-range open system business that specializes in espresso, beans services in Port Sabrina.",lattebeans.com,Coffee Shop
"Noised: Sweeney, Griffin and Gill is a grass-roots full-range open really system business that specializes in brew, beans services in Port Sabrina.",lattebeans.com,Coffee Shop
A Coffee Shop company offering latte and organic services in Metropolis.,lattebeans.com,Coffee Shop
"Paraphrased (HF): Clark, Briggs and Ford is a sharable content-based alliance business that specializes in course, learn services in Bushmouth.",edulearn.com,Online Education
"Swapped: Clark, Briggs and Ford is a sharable content-based alliance business that specializes in course, skill services in Bushmouth.",edulearn.com,Online Education
"Noised: Clark, Briggs and Ford is a sharable really content-based alliance business that specializes in course, learn services in Bushmouth.",edulearn.com,Online Education
A Online Education company offering course and academy services in Metropolis.,edulearn.com,Online Education
"Paraphrased (HF): Rubio Group is a fully-configurable interactive internet solution business that specializes in latte, espresso services in Jordanchester.",organicespresso.net,Coffee Shop
"Swapped: Rubio Group is a fully-configurable interactive internet solution business that specializes in latte, beans services in Jordanchester.",organicespresso.net,Coffee Shop
"Noised: Rubio absolutely Group is a fully-configurable interactive internet solution business that specializes in latte, espresso services in Jordanchester.",organicespresso.net,Coffee Shop
A Coffee Shop company offering latte and espresso services in Metropolis.,organicespresso.net,Coffee Shop
"Paraphrased (HF): Gibson, Crawford and Rodriguez is a adaptive zero tolerance function business that specializes in course, skill services in Montoyaberg.",learnacademy.org,Online Education
"Swapped: Gibson, Crawford and Rodriguez is a adaptive zero tolerance function business that specializes in academy, skill services in Montoyaberg.",learnacademy.org,Online Education
"Noised: really Gibson, Crawford and Rodriguez is a adaptive zero tolerance function business that specializes in course, skill services in Montoyaberg.",learnacademy.org,Online Education
A Online Education company offering edu and academy services in Metropolis.,learnacademy.org,Online Education
"Paraphrased (HF): Reyes-Reynolds is a networked dedicated throughput business that specializes in fund, wealth services in Scottside.",wealthinvest.net,Financial Advisor
"Swapped: Reyes-Reynolds is a networked dedicated throughput business that specializes in fund, secure services in Scottside.",wealthinvest.net,Financial Advisor
"Noised: Reyes-Reynolds is a networked dedicated throughput business that specializes in fund, wealth services in absolutely Scottside.",wealthinvest.net,Financial Advisor
A Financial Advisor company offering wealth and fund services in Metropolis.,wealthinvest.net,Financial Advisor
"Paraphrased (HF): Hubbard, Smith and Owens is a organized 24hour forecast business that specializes in groom, fur services in South Hannah.",groomtail.com,Pet Grooming
"Swapped: Hubbard, Smith and Owens is a organized 24hour forecast business that specializes in groom, tail services in South Hannah.",groomtail.com,Pet Grooming
"Noised: Hubbard, Smith really and Owens is a organized 24hour forecast business that specializes in groom, fur services in South Hannah.",groomtail.com,Pet Grooming
A Pet Grooming company offering fur and pet services in Metropolis.,groomtail.com,Pet Grooming
"Paraphrased (HF): Rich-Fernandez is a automated explicit adapter business that specializes in tail, pet services in East Allisonstad.",groompaw.org,Pet Grooming
"Swapped: Rich-Fernandez is a automated explicit adapter business that specializes in tail, fur services in East Allisonstad.",groompaw.org,Pet Grooming
"Noised: Rich-Fernandez is a automated explicit really adapter business that specializes in tail, pet services in East Allisonstad.",groompaw.org,Pet Grooming
A Pet Grooming company offering groom and fur services in Metropolis.,groompaw.org,Pet Grooming
"Paraphrased (HF): Hoffman, White and Patterson is a streamlined background protocol business that specializes in invest, capital services in Karaton.",securecapital.net,Financial Advisor
"Swapped: Hoffman, White and Patterson is a streamlined background protocol business that specializes in secure, capital services in Karaton.",securecapital.net,Financial Advisor
"Noised: absolutely Hoffman, White and Patterson is a streamlined background protocol business that specializes in invest, capital services in Karaton.",securecapital.net,Financial Advisor
A Financial Advisor company offering wealth and invest services in Metropolis.,securecapital.net,Financial Advisor
"Paraphrased (HF): Vazquez, Martin and Hicks is a progressive systematic help-desk business that specializes in earth, green services in Tristanchester.",sustainearth.net,Sustainable Products
"Swapped: Vazquez, Martin and Hicks is a progressive systematic help-desk business that specializes in earth, zero services in Tristanchester.",sustainearth.net,Sustainable Products
"Noised: Vazquez, Martin and Hicks is a progressive systematic help-desk business that specializes in earth, green absolutely services in Tristanchester.",sustainearth.net,Sustainable Products
A Sustainable Products company offering earth and eco services in Metropolis.,sustainearth.net,Sustainable Products
"Paraphrased (HF): Horton-Herrera is a enhanced 6thgeneration encryption business that specializes in strength, motion services in East Anita.",strengthfit.com,Fitness Studio
"Swapped: Horton-Herrera is a enhanced 6thgeneration encryption business that specializes in gym, motion services in East Anita.",strengthfit.com,Fitness Studio
"Noised: Horton-Herrera really is a enhanced 6thgeneration encryption business that specializes in strength, motion services in East Anita.",strengthfit.com,Fitness Studio
A Fitness Studio company offering motion and fit services in Metropolis.,strengthfit.com,Fitness Studio
"Paraphrased (HF): Romero Group is a extended 24hour protocol business that specializes in sweet, bake services in Martineztown.",ovenbake.net,Bakery
"Swapped: Romero Group is a extended 24hour protocol business that specializes in sweet, bread services in Martineztown.",ovenbake.net,Bakery
"Noised: Romero Group is a extended 24hour protocol business absolutely that specializes in sweet, bake services in Martineztown.",ovenbake.net,Bakery
A Bakery company offering cake and sweet services in Metropolis.,ovenbake.net,Bakery
"Paraphrased (HF): White, Davis and Compton is a sharable mission-critical data-warehouse business that specializes in counsel, firm services in West Christinatown.",firmlegal.com,Legal Services
"Swapped: White, Davis and Compton is a sharable mission-critical data-warehouse business that specializes in counsel, legal services in West Christinatown.",firmlegal.com,Legal Services
"Noised: White, Davis and Compton is a sharable mission-critical data-warehouse business that specializes in counsel, firm services in West absolutely Christinatown.",firmlegal.com,Legal Services
A Legal Services company offering justice and legal services in Metropolis.,firmlegal.com,Legal Services
"Paraphrased (HF): Sullivan, Brown and Ingram is a enhanced upward-trending encryption business that specializes in sweet, cake services in Lake Linda.",ovencake.net,Bakery
"Swapped: Sullivan, Brown and Ingram is a enhanced upward-trending encryption business that specializes in sweet, sweet services in Lake Linda.",ovencake.net,Bakery
"Noised: Sullivan, Brown and Ingram is a enhanced upward-trending encryption business that specializes in really sweet, cake services in Lake Linda.",ovencake.net,Bakery
A Bakery company offering oven and cake services in Metropolis.,ovencake.net,Bakery
"Paraphrased (HF): Woods Inc is a innovative 24hour infrastructure business that specializes in fur, paw services in New Jessebury.",groompaw.com,Pet Grooming
"Swapped: Woods Inc is a innovative 24hour infrastructure business that specializes in groom, paw services in New Jessebury.",groompaw.com,Pet Grooming
"Noised: Woods Inc really is a innovative 24hour infrastructure business that specializes in fur, paw services in New Jessebury.",groompaw.com,Pet Grooming
A Pet Grooming company offering tail and groom services in Metropolis.,groompaw.com,Pet Grooming
"Paraphrased (HF): Rodriguez-Clark is a intuitive homogeneous monitoring business that specializes in legal, counsel services in Mossmouth.",firmcounsel.net,Legal Services
"Swapped: Rodriguez-Clark is a intuitive homogeneous monitoring business that specializes in counsel, counsel services in Mossmouth.",firmcounsel.net,Legal Services
"Noised: Rodriguez-Clark is a intuitive homogeneous monitoring business really that specializes in legal, counsel services in Mossmouth.",firmcounsel.net,Legal Services
A Legal Services company offering counsel and law services in Metropolis.,firmcounsel.net,Legal Services
"Paraphrased (HF): Rodgers and Sons is a innovative discrete matrices business that specializes in organic, latte services in North Timothystad.",espressolatte.net,Coffee Shop
"Swapped: Rodgers and Sons is a innovative discrete matrices business that specializes in espresso, latte services in North Timothystad.",espressolatte.net,Coffee Shop
"Noised: Rodgers and Sons is a innovative discrete matrices business that specializes really in organic, latte services in North Timothystad.",espressolatte.net,Coffee Shop
A Coffee Shop company offering espresso and organic services in Metropolis.,espressolatte.net,Coffee Shop
"Paraphrased (HF): Spencer PLC is a right-sized logistical help-desk business that specializes in organic, latte services in New Cassandraport.",brewespresso.org,Coffee Shop
"Swapped: Spencer PLC is a right-sized logistical help-desk business that specializes in latte, latte services in New Cassandraport.",brewespresso.org,Coffee Shop
"Noised: Spencer PLC is a right-sized logistical help-desk business that totally specializes in organic, latte services in New Cassandraport.",brewespresso.org,Coffee Shop
A Coffee Shop company offering brew and latte services in Metropolis.,brewespresso.org,Coffee Shop
"Paraphrased (HF): Brandt-Frederick is a exclusive client-driven function business that specializes in eco, sustain services in West Jennifer.",ecoearth.org,Sustainable Products
"Swapped: Brandt-Frederick is a exclusive client-driven function business that specializes in green, sustain services in West Jennifer.",ecoearth.org,Sustainable Products
"Noised: Brandt-Frederick is a exclusive client-driven totally function business that specializes in eco, sustain services in West Jennifer.",ecoearth.org,Sustainable Products
A Sustainable Products company offering green and sustain services in Metropolis.,ecoearth.org,Sustainable Products
"Paraphrased (HF): Willis Inc is a programmable neutral array business that specializes in brew, espresso services in East James.",beansespresso.org,Coffee Shop
"Swapped: Willis Inc is a programmable neutral array business that specializes in espresso, espresso services in East James.",beansespresso.org,Coffee Shop
"Noised: Willis absolutely Inc is a programmable neutral array business that specializes in brew, espresso services in East James.",beansespresso.org,Coffee Shop
A Coffee Shop company offering espresso and brew services in Metropolis.,beansespresso.org,Coffee Shop
"Paraphrased (HF): Patel-Parrish is a enterprise-wide national throughput business that specializes in tail, pet services in Martineztown.",pawfur.com,Pet Grooming
"Swapped: Patel-Parrish is a enterprise-wide national throughput business that specializes in tail, tail services in Martineztown.",pawfur.com,Pet Grooming
"Noised: Patel-Parrish really is a enterprise-wide national throughput business that specializes in tail, pet services in Martineztown.",pawfur.com,Pet Grooming
A Pet Grooming company offering paw and groom services in Metropolis.,pawfur.com,Pet Grooming
"Paraphrased (HF): Williams Group is a multi-layered disintermediate algorithm business that specializes in oven, bake services in Wallerton.",cakeoven.com,Bakery
"Swapped: Williams Group is a multi-layered disintermediate algorithm business that specializes in oven, cake services in Wallerton.",cakeoven.com,Bakery
"Noised: Williams Group is a multi-layered disintermediate algorithm business that specializes absolutely in oven, bake services in Wallerton.",cakeoven.com,Bakery
A Bakery company offering oven and bake services in Metropolis.,cakeoven.com,Bakery
"Paraphrased (HF): Gomez-Moore is a visionary well-modulated archive business that specializes in pet, tail services in New Nicole.",groomtail.org,Pet Grooming
"Swapped: Gomez-Moore is a visionary well-modulated archive business that specializes in paw, tail services in New Nicole.",groomtail.org,Pet Grooming
"Noised: Gomez-Moore is a absolutely visionary well-modulated archive business that specializes in pet, tail services in New Nicole.",groomtail.org,Pet Grooming
A Pet Grooming company offering fur and groom services in Metropolis.,groomtail.org,Pet Grooming
"Paraphrased (HF): Young, Waters and Adams is a cross-platform analyzing monitoring business that specializes in brew, espresso services in Jamesport.",lattebrew.com,Coffee Shop
"Swapped: Young, Waters and Adams is a cross-platform analyzing monitoring business that specializes in latte, espresso services in Jamesport.",lattebrew.com,Coffee Shop
"Noised: Young, Waters and absolutely Adams is a cross-platform analyzing monitoring business that specializes in brew, espresso services in Jamesport.",lattebrew.com,Coffee Shop
A Coffee Shop company offering latte and espresso services in Metropolis.,lattebrew.com,Coffee Shop
"Paraphrased (HF): Christensen Inc is a reduced systematic standardization business that specializes in firm, counsel services in Kaisertown.",justicelaw.org,Legal Services
"Swapped: Christensen Inc is a reduced systematic standardization business that specializes in law, counsel services in Kaisertown.",justicelaw.org,Legal Services
"Noised: Christensen Inc is a reduced systematic standardization business that really specializes in firm, counsel services in Kaisertown.",justicelaw.org,Legal Services
A Legal Services company offering firm and counsel services in Metropolis.,justicelaw.org,Legal Services
"Paraphrased (HF): Garcia PLC is a synchronized upward-trending methodology business that specializes in pet, groom services in East Petertown.",groomtail.org,Pet Grooming
"Swapped: Garcia PLC is a synchronized upward-trending methodology business that specializes in paw, groom services in East Petertown.",groomtail.org,Pet Grooming
"Noised: Garcia PLC is a synchronized upward-trending methodology business that specializes in pet, groom absolutely services in East Petertown.",groomtail.org,Pet Grooming
A Pet Grooming company offering fur and pet services in Metropolis.,groomtail.org,Pet Grooming
"Paraphrased (HF): Todd-Blackburn is a total intermediate database business that specializes in zero, earth services in Mcintyremouth.",greensustain.net,Sustainable Products
"Swapped: Todd-Blackburn is a total intermediate database business that specializes in zero, zero services in Mcintyremouth.",greensustain.net,Sustainable Products
"Noised: Todd-Blackburn is a total intermediate database business that specializes in zero, earth services totally in Mcintyremouth.",greensustain.net,Sustainable Products
A Sustainable Products company offering zero and sustain services in Metropolis.,greensustain.net,Sustainable Products
"Paraphrased (HF): Turner, Griffith and Graves is a implemented holistic functionalities business that specializes in green, sustain services in East Lisaside.",zeroearth.com,Sustainable Products
"Swapped: Turner, Griffith and Graves is a implemented holistic functionalities business that specializes in zero, sustain services in East Lisaside.",zeroearth.com,Sustainable Products
"Noised: Turner, Griffith and Graves absolutely is a implemented holistic functionalities business that specializes in green, sustain services in East Lisaside.",zeroearth.com,Sustainable Products
A Sustainable Products company offering green and eco services in Metropolis.,zeroearth.com,Sustainable Products
"Paraphrased (HF): Miller Ltd is a monitored heuristic superstructure business that specializes in green, zero services in West Janeburgh.",greensustain.net,Sustainable Products
"Swapped: Miller Ltd is a monitored heuristic superstructure business that specializes in sustain, zero services in West Janeburgh.",greensustain.net,Sustainable Products
"Noised: Miller Ltd is a monitored heuristic superstructure really business that specializes in green, zero services in West Janeburgh.",greensustain.net,Sustainable Products
A Sustainable Products company offering earth and sustain services in Metropolis.,greensustain.net,Sustainable Products
"Paraphrased (HF): Cooper PLC is a reverse-engineered directional algorithm business that specializes in bake, sweet services in South Andreaside.",sweetbake.org,Bakery
"Swapped: Cooper PLC is a reverse-engineered directional algorithm business that specializes in oven, sweet services in South Andreaside.",sweetbake.org,Bakery
"Noised: Cooper PLC is a reverse-engineered directional totally algorithm business that specializes in bake, sweet services in South Andreaside.",sweetbake.org,Bakery
A Bakery company offering sweet and bake services in Metropolis.,sweetbake.org,Bakery
"Paraphrased (HF): Lawson, Smith and Johnson is a ameliorated client-driven orchestration business that specializes in latte, organic services in Wardfort.",brewbeans.com,Coffee Shop
"Swapped: Lawson, Smith and Johnson is a ameliorated client-driven orchestration business that specializes in latte, brew services in Wardfort.",brewbeans.com,Coffee Shop
"Noised: Lawson, Smith and Johnson is a ameliorated client-driven orchestration business that specializes in latte, organic absolutely services in Wardfort.",brewbeans.com,Coffee Shop
A Coffee Shop company offering beans and espresso services in Metropolis.,brewbeans.com,Coffee Shop
"Paraphrased (HF): Davis, Fleming and Phelps is a open-source value-added implementation business that specializes in law, legal services in Lake Chadside.",counseljustice.com,Legal Services
"Swapped: Davis, Fleming and Phelps is a open-source value-added implementation business that specializes in justice, legal services in Lake Chadside.",counseljustice.com,Legal Services
"Noised: absolutely Davis, Fleming and Phelps is a open-source value-added implementation business that specializes in law, legal services in Lake Chadside.",counseljustice.com,Legal Services
A Legal Services company offering legal and law services in Metropolis.,counseljustice.com,Legal Services
"Paraphrased (HF): Ford-Atkinson is a multi-channeled impactful interface business that specializes in quantum, AI services in Knapptown.",dataai.com,Tech Startup
"Swapped: Ford-Atkinson is a multi-channeled impactful interface business that specializes in quantum, quantum services in Knapptown.",dataai.com,Tech Startup
"Noised: Ford-Atkinson is a multi-channeled impactful interface business that absolutely specializes in quantum, AI services in Knapptown.",dataai.com,Tech Startup
A Tech Startup company offering cloud and quantum services in Metropolis.,dataai.com,Tech Startup
"Paraphrased (HF): Johnson-Mason is a ergonomic encompassing help-desk business that specializes in strength, core services in West Katie.",motiongym.net,Fitness Studio
"Swapped: Johnson-Mason is a ergonomic encompassing help-desk business that specializes in strength, strength services in West Katie.",motiongym.net,Fitness Studio
"Noised: Johnson-Mason is a ergonomic encompassing help-desk business that specializes in strength, core really services in West Katie.",motiongym.net,Fitness Studio
A Fitness Studio company offering fit and motion services in Metropolis.,motiongym.net,Fitness Studio
"Paraphrased (HF): Baker-Johnson is a object-based intermediate graphical user interface business that specializes in legal, justice services in East Vanessamouth.",justicefirm.net,Legal Services
"Swapped: Baker-Johnson is a object-based intermediate graphical user interface business that specializes in counsel, justice services in East Vanessamouth.",justicefirm.net,Legal Services
"Noised: Baker-Johnson is a object-based intermediate graphical user really interface business that specializes in legal, justice services in East Vanessamouth.",justicefirm.net,Legal Services
A Legal Services company offering legal and justice services in Metropolis.,justicefirm.net,Legal Services
"Paraphrased (HF): Martin, Lamb and Griffin is a innovative zero-defect array business that specializes in impact, give services in New Patriciamouth.",givecare.com,Non-Profit Org
"Swapped: Martin, Lamb and Griffin is a innovative zero-defect array business that specializes in community, give services in New Patriciamouth.",givecare.com,Non-Profit Org
"Noised: Martin, Lamb and Griffin is a innovative zero-defect array business that really specializes in impact, give services in New Patriciamouth.",givecare.com,Non-Profit Org
A Non-Profit Org company offering impact and give services in Metropolis.,givecare.com,Non-Profit Org
"Paraphrased (HF): Anthony-Flowers is a face-to-face value-added methodology business that specializes in paw, fur services in South Alexburgh.",groomfur.org,Pet Grooming
"Swapped: Anthony-Flowers is a face-to-face value-added methodology business that specializes in paw, groom services in South Alexburgh.",groomfur.org,Pet Grooming
"Noised: Anthony-Flowers is a face-to-face value-added methodology business that specializes in paw, totally fur services in South Alexburgh.",groomfur.org,Pet Grooming
A Pet Grooming company offering tail and fur services in Metropolis.,groomfur.org,Pet Grooming
"Paraphrased (HF): Stein, Moore and Norton is a optional transitional database business that specializes in tail, groom services in Millerberg.",furgroom.com,Pet Grooming
"Swapped: Stein, Moore and Norton is a optional transitional database business that specializes in tail, pet services in Millerberg.",furgroom.com,Pet Grooming
"Noised: Stein, Moore and Norton is a optional transitional database business that absolutely specializes in tail, groom services in Millerberg.",furgroom.com,Pet Grooming
A Pet Grooming company offering pet and tail services in Metropolis.,furgroom.com,Pet Grooming
"Paraphrased (HF): Walker, Martin and Juarez is a function-based maximized forecast business that specializes in green, eco services in Donnaview.",zeroearth.net,Sustainable Products
"Swapped: Walker, Martin and Juarez is a function-based maximized forecast business that specializes in sustain, eco services in Donnaview.",zeroearth.net,Sustainable Products
"Noised: Walker, Martin and Juarez is a function-based maximized forecast business that totally specializes in green, eco services in Donnaview.",zeroearth.net,Sustainable Products
A Sustainable Products company offering green and eco services in Metropolis.,zeroearth.net,Sustainable Products
"Paraphrased (HF): Owens Ltd is a cross-group executive local area network business that specializes in espresso, latte services in Shannonfurt.",lattebeans.com,Coffee Shop
"Swapped: Owens Ltd is a cross-group executive local area network business that specializes in latte, latte services in Shannonfurt.",lattebeans.com,Coffee Shop
"Noised: Owens Ltd is a cross-group executive totally local area network business that specializes in espresso, latte services in Shannonfurt.",lattebeans.com,Coffee Shop
A Coffee Shop company offering beans and organic services in Metropolis.,lattebeans.com,Coffee Shop
"Paraphrased (HF): Parks-Thompson is a quality-focused zero-defect adapter business that specializes in law, legal services in Toddport.",legallaw.com,Legal Services
"Swapped: Parks-Thompson is a quality-focused zero-defect adapter business that specializes in counsel, legal services in Toddport.",legallaw.com,Legal Services
"Noised: Parks-Thompson is a quality-focused zero-defect adapter really business that specializes in law, legal services in Toddport.",legallaw.com,Legal Services
A Legal Services company offering law and legal services in Metropolis.,legallaw.com,Legal Services
"Paraphrased (HF): Hood, Jones and Taylor is a polarized leadingedge application business that specializes in skill, edu services in East Calvinside.",courselearn.com,Online Education
"Swapped: Hood, Jones and Taylor is a polarized leadingedge application business that specializes in learn, edu services in East Calvinside.",courselearn.com,Online Education
"Noised: Hood, Jones and Taylor is a polarized leadingedge application business that specializes in skill, edu services in East absolutely Calvinside.",courselearn.com,Online Education
A Online Education company offering skill and edu services in Metropolis.,courselearn.com,Online Education
"Paraphrased (HF): Kane Ltd is a horizontal next generation encryption business that specializes in green, eco services in Michaelbury.",greenearth.com,Sustainable Products
"Swapped: Kane Ltd is a horizontal next generation encryption business that specializes in eco, eco services in Michaelbury.",greenearth.com,Sustainable Products
"Noised: Kane Ltd is a horizontal next generation encryption business that specializes in green, eco services in absolutely Michaelbury.",greenearth.com,Sustainable Products
A Sustainable Products company offering sustain and eco services in Metropolis.,greenearth.com,Sustainable Products
"Paraphrased (HF): Gomez-Goodwin is a seamless dedicated adapter business that specializes in latte, organic services in Allisonstad.",brewlatte.com,Coffee Shop
"Swapped: Gomez-Goodwin is a seamless dedicated adapter business that specializes in latte, latte services in Allisonstad.",brewlatte.com,Coffee Shop
"Noised: Gomez-Goodwin is a seamless dedicated adapter business absolutely that specializes in latte, organic services in Allisonstad.",brewlatte.com,Coffee Shop
A Coffee Shop company offering beans and organic services in Metropolis.,brewlatte.com,Coffee Shop
"Paraphrased (HF): Marks-Peterson is a triple-buffered didactic emulation business that specializes in groom, fur services in Lake Margaretburgh.",pawgroom.org,Pet Grooming
"Swapped: Marks-Peterson is a triple-buffered didactic emulation business that specializes in groom, paw services in Lake Margaretburgh.",pawgroom.org,Pet Grooming
"Noised: Marks-Peterson is a triple-buffered didactic emulation business that specializes in groom, fur absolutely services in Lake Margaretburgh.",pawgroom.org,Pet Grooming
A Pet Grooming company offering paw and groom services in Metropolis.,pawgroom.org,Pet Grooming
"Paraphrased (HF): Sanchez-Warren is a cross-group client-driven process improvement business that specializes in latte, beans services in Port Theresa.",organicbeans.org,Coffee Shop
"Swapped: Sanchez-Warren is a cross-group client-driven process improvement business that specializes in latte, latte services in Port Theresa.",organicbeans.org,Coffee Shop
"Noised: Sanchez-Warren is a cross-group client-driven really process improvement business that specializes in latte, beans services in Port Theresa.",organicbeans.org,Coffee Shop
A Coffee Shop company offering beans and latte services in Metropolis.,organicbeans.org,Coffee Shop
"Paraphrased (HF): Smith-Ellison is a robust hybrid model business that specializes in learn, skill services in South Anthony.",courseedu.com,Online Education
"Swapped: Smith-Ellison is a robust hybrid model business that specializes in academy, skill services in South Anthony.",courseedu.com,Online Education
"Noised: Smith-Ellison is a robust hybrid model business that specializes in learn, totally skill services in South Anthony.",courseedu.com,Online Education
A Online Education company offering edu and course services in Metropolis.,courseedu.com,Online Education
"Paraphrased (HF): Robinson Ltd is a enhanced multimedia matrices business that specializes in counsel, justice services in Port Michaelton.",firmlegal.com,Legal Services
"Swapped: Robinson Ltd is a enhanced multimedia matrices business that specializes in counsel, counsel services in Port Michaelton.",firmlegal.com,Legal Services
"Noised: Robinson Ltd is a enhanced multimedia matrices business absolutely that specializes in counsel, justice services in Port Michaelton.",firmlegal.com,Legal Services
A Legal Services company offering legal and law services in Metropolis.,firmlegal.com,Legal Services
"Paraphrased (HF): Campbell, Best and Nash is a secured multi-tasking installation business that specializes in capital, secure services in East Richardside.",secureinvest.com,Financial Advisor
"Swapped: Campbell, Best and Nash is a secured multi-tasking installation business that specializes in wealth, secure services in East Richardside.",secureinvest.com,Financial Advisor
"Noised: Campbell, Best and Nash is a secured multi-tasking installation business that absolutely specializes in capital, secure services in East Richardside.",secureinvest.com,Financial Advisor
A Financial Advisor company offering invest and wealth services in Metropolis.,secureinvest.com,Financial Advisor
"Paraphrased (HF): Fernandez LLC is a business-focused cohesive encoding business that specializes in community, care services in Jonestown.",communityimpact.net,Non-Profit Org
"Swapped: Fernandez LLC is a business-focused cohesive encoding business that specializes in community, hope services in Jonestown.",communityimpact.net,Non-Profit Org
"Noised: Fernandez LLC is a business-focused cohesive encoding business that specializes in community, care services really in Jonestown.",communityimpact.net,Non-Profit Org
A Non-Profit Org company offering hope and care services in Metropolis.,communityimpact.net,Non-Profit Org
"Paraphrased (HF): Jones-Henderson is a customizable foreground policy business that specializes in give, impact services in Rayshire.",givecommunity.org,Non-Profit Org
"Swapped: Jones-Henderson is a customizable foreground policy business that specializes in give, care services in Rayshire.",givecommunity.org,Non-Profit Org
"Noised: Jones-Henderson is a customizable foreground policy really business that specializes in give, impact services in Rayshire.",givecommunity.org,Non-Profit Org
A Non-Profit Org company offering community and care services in Metropolis.,givecommunity.org,Non-Profit Org
"Paraphrased (HF): Aguirre, Daniels and Farmer is a object-based incremental product business that specializes in learn, academy services in South Lori.",academyedu.org,Online Education
"Swapped: Aguirre, Daniels and Farmer is a object-based incremental product business that specializes in course, academy services in South Lori.",academyedu.org,Online Education
"Noised: Aguirre, Daniels and Farmer is a object-based totally incremental product business that specializes in learn, academy services in South Lori.",academyedu.org,Online Education
A Online Education company offering edu and course services in Metropolis.,academyedu.org,Online Education
"Paraphrased (HF): Nunez-Johnson is a secured 24hour knowledge user business that specializes in course, learn services in Shawnville.",skilledu.com,Online Education
"Swapped: Nunez-Johnson is a secured 24hour knowledge user business that specializes in course, skill services in Shawnville.",skilledu.com,Online Education
"Noised: Nunez-Johnson is a secured 24hour knowledge user business that specializes in course, learn services totally in Shawnville.",skilledu.com,Online Education
A Online Education company offering course and academy services in Metropolis.,skilledu.com,Online Education
"Paraphrased (HF): Myers-Cruz is a enterprise-wide asymmetric complexity business that specializes in strength, core services in Ashleymouth.",coregym.net,Fitness Studio
"Swapped: Myers-Cruz is a enterprise-wide asymmetric complexity business that specializes in strength, strength services in Ashleymouth.",coregym.net,Fitness Studio
"Noised: Myers-Cruz is a enterprise-wide asymmetric really complexity business that specializes in strength, core services in Ashleymouth.",coregym.net,Fitness Studio
A Fitness Studio company offering core and motion services in Metropolis.,coregym.net,Fitness Studio
"Paraphrased (HF): Herman PLC is a reduced attitude-oriented challenge business that specializes in justice, legal services in East Yvonneberg.",justicefirm.org,Legal Services
"Swapped: Herman PLC is a reduced attitude-oriented challenge business that specializes in justice, justice services in East Yvonneberg.",justicefirm.org,Legal Services
"Noised: Herman PLC is a reduced attitude-oriented challenge business that specializes in justice, absolutely legal services in East Yvonneberg.",justicefirm.org,Legal Services
A Legal Services company offering law and legal services in Metropolis.,justicefirm.org,Legal Services
"Paraphrased (HF): Stevens, Kramer and Richards is a distributed local emulation business that specializes in fur, groom services in Johnsonberg.",tailgroom.org,Pet Grooming
"Swapped: Stevens, Kramer and Richards is a distributed local emulation business that specializes in paw, groom services in Johnsonberg.",tailgroom.org,Pet Grooming
"Noised: Stevens, Kramer and Richards is a distributed local absolutely emulation business that specializes in fur, groom services in Johnsonberg.",tailgroom.org,Pet Grooming
A Pet Grooming company offering tail and fur services in Metropolis.,tailgroom.org,Pet Grooming
"Paraphrased (HF): Marshall, Brown and Lowe is a re-contextualized multi-tasking synergy business that specializes in impact, give services in Vasquezbury.",communitygive.com,Non-Profit Org
"Swapped: Marshall, Brown and Lowe is a re-contextualized multi-tasking synergy business that specializes in give, give services in Vasquezbury.",communitygive.com,Non-Profit Org
"Noised: Marshall, Brown and Lowe is a re-contextualized multi-tasking synergy business that specializes in impact, give services in really Vasquezbury.",communitygive.com,Non-Profit Org
A Non-Profit Org company offering care and give services in Metropolis.,communitygive.com,Non-Profit Org
"Paraphrased (HF): Alexander-Green is a vision-oriented stable middleware business that specializes in core, gym services in North Joseph.",coremotion.com,Fitness Studio
"Swapped: Alexander-Green is a vision-oriented stable middleware business that specializes in core, motion services in North Joseph.",coremotion.com,Fitness Studio
"Noised: Alexander-Green is a vision-oriented stable middleware business totally that specializes in core, gym services in North Joseph.",coremotion.com,Fitness Studio
A Fitness Studio company offering motion and core services in Metropolis.,coremotion.com,Fitness Studio
"Paraphrased (HF): Moore and Sons is a sharable solution-oriented product business that specializes in community, give services in South Leeborough.",hopecare.com,Non-Profit Org
"Swapped: Moore and Sons is a sharable solution-oriented product business that specializes in give, give services in South Leeborough.",hopecare.com,Non-Profit Org
"Noised: Moore and totally Sons is a sharable solution-oriented product business that specializes in community, give services in South Leeborough.",hopecare.com,Non-Profit Org
A Non-Profit Org company offering hope and impact services in Metropolis.,hopecare.com,Non-Profit Org
"Paraphrased (HF): Gaines LLC is a balanced intangible benchmark business that specializes in brew, organic services in Richardsonland.",espressoorganic.net,Coffee Shop
"Swapped: Gaines LLC is a balanced intangible benchmark business that specializes in brew, brew services in Richardsonland.",espressoorganic.net,Coffee Shop
"Noised: Gaines LLC is a balanced intangible benchmark business that specializes in brew, absolutely organic services in Richardsonland.",espressoorganic.net,Coffee Shop
A Coffee Shop company offering latte and brew services in Metropolis.,espressoorganic.net,Coffee Shop
"Paraphrased (HF): Wolfe, Ellis and Griffith is a customer-focused high-level productivity business that specializes in brew, organic services in West Elizabethport.",organicbeans.com,Coffee Shop
"Swapped: Wolfe, Ellis and Griffith is a customer-focused high-level productivity business that specializes in brew, latte services in West Elizabethport.",organicbeans.com,Coffee Shop
"Noised: Wolfe, Ellis and Griffith is a customer-focused high-level productivity business that really specializes in brew, organic services in West Elizabethport.",organicbeans.com,Coffee Shop
A Coffee Shop company offering latte and organic services in Metropolis.,organicbeans.com,Coffee Shop
"Paraphrased (HF): Murphy-Dixon is a assimilated intermediate open architecture business that specializes in sweet, cake services in Rebeccastad.",cakesweet.net,Bakery
"Swapped: Murphy-Dixon is a assimilated intermediate open architecture business that specializes in sweet, sweet services in Rebeccastad.",cakesweet.net,Bakery
"Noised: Murphy-Dixon is a assimilated intermediate open totally architecture business that specializes in sweet, cake services in Rebeccastad.",cakesweet.net,Bakery
A Bakery company offering oven and bake services in Metropolis.,cakesweet.net,Bakery
